{"cameraMode":{"drawMode":0,"name":"Shaded","section":"Shading Mode"},"sceneLighting":false,"audioPlay":false,"sceneViewState":{"m_AlwaysRefresh":false,"showFog":true,"showSkybox":false,"showFlares":true,"showImageEffects":true,"showParticleSystems":true,"showVisualEffectGraphs":true,"m_FxEnabled":true},"in2DMode":false,"pivot":{"x":0.13755246996879579,"y":-0.21232712268829347,"z":0.10336676239967346},"rotation":{"x":0.20854228734970094,"y":0.789902925491333,"z":-0.37894055247306826,"w":0.4347115457057953},"size":0.9246621131896973,"orthographic":false}