{"cameraMode":{"drawMode":0,"name":"Shaded","section":"Shading Mode"},"sceneLighting":false,"audioPlay":false,"sceneViewState":{"m_AlwaysRefresh":false,"showFog":true,"showSkybox":false,"showFlares":true,"showImageEffects":true,"showParticleSystems":true,"showVisualEffectGraphs":true,"m_FxEnabled":true},"in2DMode":false,"pivot":{"x":0.14684289693832398,"y":-1.2755264043807984,"z":0.13418222963809968},"rotation":{"x":0.5944872498512268,"y":-0.19881746172904969,"z":0.154775932431221,"w":0.763618528842926},"size":1.9490747451782227,"orthographic":false}